username,password_hash,kandidat_id
K001,db6456bd595bef32cc4319338396f3e5eb2b096a9e3c33e0c0f77ff4af52318d,K001
K002,db6456bd595bef32cc4319338396f3e5eb2b096a9e3c33e0c0f77ff4af52318d,K002
K003,db6456bd595bef32cc4319338396f3e5eb2b096a9e3c33e0c0f77ff4af52318d,K003
K004,db6456bd595bef32cc4319338396f3e5eb2b096a9e3c33e0c0f77ff4af52318d,K004
K005,db6456bd595bef32cc4319338396f3e5eb2b096a9e3c33e0c0f77ff4af52318d,K005
K006,db6456bd595bef32cc4319338396f3e5eb2b096a9e3c33e0c0f77ff4af52318d,K006
K007,db6456bd595bef32cc4319338396f3e5eb2b096a9e3c33e0c0f77ff4af52318d,K007
K008,db6456bd595bef32cc4319338396f3e5eb2b096a9e3c33e0c0f77ff4af52318d,K008
K009,db6456bd595bef32cc4319338396f3e5eb2b096a9e3c33e0c0f77ff4af52318d,K009
K010,db6456bd595bef32cc4319338396f3e5eb2b096a9e3c33e0c0f77ff4af52318d,K010
K011,db6456bd595bef32cc4319338396f3e5eb2b096a9e3c33e0c0f77ff4af52318d,K011
K012,db6456bd595bef32cc4319338396f3e5eb2b096a9e3c33e0c0f77ff4af52318d,K012
K013,db6456bd595bef32cc4319338396f3e5eb2b096a9e3c33e0c0f77ff4af52318d,K013
K014,db6456bd595bef32cc4319338396f3e5eb2b096a9e3c33e0c0f77ff4af52318d,K014
K015,db6456bd595bef32cc4319338396f3e5eb2b096a9e3c33e0c0f77ff4af52318d,K015
K016,db6456bd595bef32cc4319338396f3e5eb2b096a9e3c33e0c0f77ff4af52318d,K016
K017,db6456bd595bef32cc4319338396f3e5eb2b096a9e3c33e0c0f77ff4af52318d,K017
K018,db6456bd595bef32cc4319338396f3e5eb2b096a9e3c33e0c0f77ff4af52318d,K018
K019,db6456bd595bef32cc4319338396f3e5eb2b096a9e3c33e0c0f77ff4af52318d,K019
K020,db6456bd595bef32cc4319338396f3e5eb2b096a9e3c33e0c0f77ff4af52318d,K020
K021,db6456bd595bef32cc4319338396f3e5eb2b096a9e3c33e0c0f77ff4af52318d,K021
K022,db6456bd595bef32cc4319338396f3e5eb2b096a9e3c33e0c0f77ff4af52318d,K022
K023,db6456bd595bef32cc4319338396f3e5eb2b096a9e3c33e0c0f77ff4af52318d,K023
K024,db6456bd595bef32cc4319338396f3e5eb2b096a9e3c33e0c0f77ff4af52318d,K024
K025,db6456bd595bef32cc4319338396f3e5eb2b096a9e3c33e0c0f77ff4af52318d,K025
K026,db6456bd595bef32cc4319338396f3e5eb2b096a9e3c33e0c0f77ff4af52318d,K026
K027,db6456bd595bef32cc4319338396f3e5eb2b096a9e3c33e0c0f77ff4af52318d,K027
K028,db6456bd595bef32cc4319338396f3e5eb2b096a9e3c33e0c0f77ff4af52318d,K028
K029,db6456bd595bef32cc4319338396f3e5eb2b096a9e3c33e0c0f77ff4af52318d,K029
K030,db6456bd595bef32cc4319338396f3e5eb2b096a9e3c33e0c0f77ff4af52318d,K030
K031,db6456bd595bef32cc4319338396f3e5eb2b096a9e3c33e0c0f77ff4af52318d,K031
K032,db6456bd595bef32cc4319338396f3e5eb2b096a9e3c33e0c0f77ff4af52318d,K032
K033,db6456bd595bef32cc4319338396f3e5eb2b096a9e3c33e0c0f77ff4af52318d,K033
K034,db6456bd595bef32cc4319338396f3e5eb2b096a9e3c33e0c0f77ff4af52318d,K034
K035,db6456bd595bef32cc4319338396f3e5eb2b096a9e3c33e0c0f77ff4af52318d,K035
K036,db6456bd595bef32cc4319338396f3e5eb2b096a9e3c33e0c0f77ff4af52318d,K036
K037,db6456bd595bef32cc4319338396f3e5eb2b096a9e3c33e0c0f77ff4af52318d,K037
K038,db6456bd595bef32cc4319338396f3e5eb2b096a9e3c33e0c0f77ff4af52318d,K038
K039,db6456bd595bef32cc4319338396f3e5eb2b096a9e3c33e0c0f77ff4af52318d,K039
K040,db6456bd595bef32cc4319338396f3e5eb2b096a9e3c33e0c0f77ff4af52318d,K040
K041,db6456bd595bef32cc4319338396f3e5eb2b096a9e3c33e0c0f77ff4af52318d,K041
K042,db6456bd595bef32cc4319338396f3e5eb2b096a9e3c33e0c0f77ff4af52318d,K042
K043,db6456bd595bef32cc4319338396f3e5eb2b096a9e3c33e0c0f77ff4af52318d,K043
K044,db6456bd595bef32cc4319338396f3e5eb2b096a9e3c33e0c0f77ff4af52318d,K044
K045,db6456bd595bef32cc4319338396f3e5eb2b096a9e3c33e0c0f77ff4af52318d,K045
K046,db6456bd595bef32cc4319338396f3e5eb2b096a9e3c33e0c0f77ff4af52318d,K046
K047,db6456bd595bef32cc4319338396f3e5eb2b096a9e3c33e0c0f77ff4af52318d,K047
K048,db6456bd595bef32cc4319338396f3e5eb2b096a9e3c33e0c0f77ff4af52318d,K048
K049,db6456bd595bef32cc4319338396f3e5eb2b096a9e3c33e0c0f77ff4af52318d,K049
K050,db6456bd595bef32cc4319338396f3e5eb2b096a9e3c33e0c0f77ff4af52318d,K050
